id,area,bbox_x0,bbox_y0,bbox_w,bbox_h,point_input_x,point_input_y,predicted_iou,stability_score,crop_box_x0,crop_box_y0,crop_box_w,crop_box_h
0,632676,86,282,1621,566,1378.125,581.25,1.0396610498428345,0.9834986329078674,0,0,1800,1200
1,117622,927,292,416,379,1040.625,431.25,1.0370440483093262,0.9570895433425903,0,0,1800,1200
2,731000,0,710,1799,486,140.625,843.75,1.0327399969100952,0.992745578289032,0,0,1800,1200
3,41423,445,627,230,224,590.625,731.25,1.0253678560256958,0.9819007515907288,0,0,1800,1200
4,14060,499,677,132,134,534.375,731.25,1.017277717590332,0.987203061580658,0,0,1800,1200
5,39057,1404,561,223,213,1546.875,693.75,1.0151252746582031,0.9813866019248962,0,0,1800,1200
6,23428,657,304,201,131,703.125,431.25,1.0109461545944214,0.9868945479393005,0,0,1800,1200
7,19831,1729,71,70,304,1771.875,168.75,1.0109401941299438,0.9887617826461792,0,0,1800,1200
8,13189,1460,607,125,131,1490.625,693.75,1.007731556892395,0.9899682998657227,0,0,1800,1200
9,51419,219,0,175,301,309.375,168.75,1.0055817365646362,0.9903318285942078,0,0,1800,1200
10,8702,3,0,207,42,28.125,18.75,1.0053129196166992,0.9901568293571472,0,0,1800,1200
11,45423,232,319,392,139,478.125,356.25,1.0052762031555176,0.9769947528839111,0,0,1800,1200
12,319603,682,0,1117,563,1715.625,56.25,1.0016484260559082,0.9794060587882996,0,0,1800,1200
13,21825,424,320,198,121,478.125,393.75,0.9964184761047363,0.9786780476570129,0,0,1800,1200
14,5231,0,331,185,30,140.625,356.25,0.995363175868988,0.9628238677978516,0,0,1800,1200
15,19944,234,331,193,124,309.375,356.25,0.9939020872116089,0.9776389598846436,0,0,1800,1200
16,78393,953,390,389,276,1096.875,468.75,0.9928498864173889,0.9706458449363708,0,0,1800,1200
17,4806,162,524,59,106,196.875,618.75,0.9909420013427734,0.9894518852233887,0,0,1800,1200
18,29707,953,312,293,129,1153.125,356.25,0.9895139336585999,0.9798592925071716,0,0,1800,1200
19,3458,1711,563,88,43,1715.625,581.25,0.9864316582679749,0.9902073740959167,0,0,1800,1200
20,863,917,0,33,28,928.125,18.75,0.9852678179740906,0.9873125553131104,0,0,1800,1200
21,27090,0,360,167,197,140.625,393.75,0.984279215335846,0.9874100685119629,0,0,1800,1200
22,942,683,0,32,30,703.125,18.75,0.9821096658706665,0.9852631688117981,0,0,1800,1200
23,918,637,0,32,30,646.875,18.75,0.9789969325065613,0.990227997303009,0,0,1800,1200
24,2558,1244,379,47,66,1265.625,393.75,0.9779050946235657,0.9825513958930969,0,0,1800,1200
25,842,411,0,31,29,421.875,18.75,0.9772849678993225,0.9928825497627258,0,0,1800,1200
26,6595,1238,689,164,61,1265.625,731.25,0.976621150970459,0.980633556842804,0,0,1800,1200
27,2868,1740,374,59,52,1771.875,393.75,0.9742148518562317,0.9868329763412476,0,0,1800,1200
28,17299,804,0,339,59,984.375,18.75,0.9729131460189819,0.9856577515602112,0,0,1800,1200
29,5093,1726,0,73,70,1771.875,56.25,0.9728134870529175,0.9852513074874878,0,0,1800,1200
30,979,1008,0,35,29,1040.625,18.75,0.972538411617279,0.9767441749572754,0,0,1800,1200
31,1473,163,561,38,41,196.875,581.25,0.9702397584915161,0.987162172794342,0,0,1800,1200
32,3305,118,141,38,98,140.625,168.75,0.969135582447052,0.9766257405281067,0,0,1800,1200
33,638690,8,51,1701,797,140.625,581.25,0.9691082239151001,0.9689846634864807,0,0,1800,1200
34,4119,0,557,129,33,84.375,581.25,0.9690380692481995,0.9718511700630188,0,0,1800,1200
35,832,763,726,56,18,815.625,731.25,0.9680594801902771,0.9868891835212708,0,0,1800,1200
36,3273,1740,373,59,154,1771.875,393.75,0.9659459590911865,0.9788135886192322,0,0,1800,1200
37,53009,651,469,289,235,703.125,506.25,0.9645922780036926,0.9658637642860413,0,0,1800,1200
38,107631,393,0,645,290,928.125,93.75,0.9621654152870178,0.9636816382408142,0,0,1800,1200
39,17301,0,557,149,132,28.125,618.75,0.9620667099952698,0.9755568504333496,0,0,1800,1200
40,327,1187,273,23,19,1209.375,281.25,0.9593262672424316,0.9848024249076843,0,0,1800,1200
41,4184,28,90,33,147,28.125,168.75,0.9577035903930664,0.9780037999153137,0,0,1800,1200
42,73758,0,602,1799,238,871.875,768.75,0.9525707960128784,0.9613201022148132,0,0,1800,1200
43,840,873,0,32,27,871.875,18.75,0.9521564841270447,0.9834515452384949,0,0,1800,1200
44,6426,1622,670,177,51,1771.875,693.75,0.9513091444969177,0.9749654531478882,0,0,1800,1200
45,10673,0,300,213,61,140.625,356.25,0.9512854814529419,0.967697262763977,0,0,1800,1200
46,861,0,818,42,30,28.125,843.75,0.95026034116745,0.9873272180557251,0,0,1800,1200
47,544311,43,0,1756,563,421.875,206.25,0.949379563331604,0.9501039981842041,0,0,1800,1200
48,3740,1658,511,52,151,1659.375,656.25,0.9490966200828552,0.9696570038795471,0,0,1800,1200
49,25858,931,291,732,326,1603.125,468.75,0.9443538784980774,0.9521691799163818,0,0,1800,1200
50,3426,748,0,57,63,759.375,18.75,0.9436288475990295,0.9729651808738708,0,0,1800,1200
51,1202,1724,760,75,18,1771.875,768.75,0.9426553845405579,0.9802306294441223,0,0,1800,1200
52,2502,704,711,77,42,703.125,731.25,0.9417887330055237,0.9731543660163879,0,0,1800,1200
53,6371,82,679,161,63,140.625,731.25,0.9417163133621216,0.9721361994743347,0,0,1800,1200
54,7745,1630,600,169,84,1715.625,618.75,0.9413230419158936,0.9646804928779602,0,0,1800,1200
55,2218,981,469,88,34,1040.625,468.75,0.9381760954856873,0.9746328592300415,0,0,1800,1200
56,1149,132,539,28,45,140.625,543.75,0.9379221200942993,0.9617671966552734,0,0,1800,1200
57,33101,0,735,424,105,84.375,768.75,0.9379141330718994,0.977045476436615,0,0,1800,1200
58,16832,891,290,106,400,928.125,393.75,0.9373520612716675,0.9600697755813599,0,0,1800,1200
59,14268,1624,601,175,120,1715.625,618.75,0.9366909265518188,0.9824768900871277,0,0,1800,1200
60,2566,134,358,62,117,140.625,468.75,0.9360897541046143,0.9685944318771362,0,0,1800,1200
61,671,354,732,26,27,365.625,731.25,0.9344790577888489,0.9866666793823242,0,0,1800,1200
62,21485,393,0,355,61,703.125,56.25,0.9333436489105225,0.9617747068405151,0,0,1800,1200
63,22595,0,558,148,196,28.125,656.25,0.9253346920013428,0.9516794681549072,0,0,1800,1200
64,1926,1719,749,80,29,1771.875,768.75,0.9250986576080322,0.9588623642921448,0,0,1800,1200
65,824,1096,0,42,28,1096.875,18.75,0.9247987270355225,0.9584816098213196,0,0,1800,1200
66,1037,1360,682,30,39,1378.125,693.75,0.9207718968391418,0.9789069890975952,0,0,1800,1200
67,789,1120,805,53,18,1153.125,806.25,0.9162038564682007,0.971321702003479,0,0,1800,1200
68,616,1616,447,46,70,1659.375,506.25,0.9143301844596863,0.9603174328804016,0,0,1800,1200
69,737,412,718,14,73,421.875,768.75,0.9142743945121765,0.9666221737861633,0,0,1800,1200
70,2414,0,798,76,42,28.125,806.25,0.9121585488319397,0.9682151675224304,0,0,1800,1200
71,6522,1604,523,84,124,1659.375,618.75,0.9050669074058533,0.9529569745063782,0,0,1800,1200
72,241,254,384,13,22,253.125,393.75,0.9012494683265686,0.9755101799964905,0,0,1800,1200
73,899,454,0,33,29,478.125,18.75,0.8986957669258118,0.9580193758010864,0,0,1800,1200
74,295,968,686,28,13,984.375,693.75,0.8955029249191284,0.9667773842811584,0,0,1800,1200
75,196,581,11,13,18,590.625,18.75,0.8917191624641418,0.9504950642585754,0,0,1800,1200
76,21597,393,0,683,61,421.875,56.25,0.8890387415885925,0.9521197080612183,0,0,1800,1200